Route,N,%
OAK-AP_N-SimmonsCeiling to OAK-AP_N-Portal,721,2.3042505592841
MNH-AP_N-DinoHall to MNH-AP_N-BirdLab,426,1.3614573346117
MNH-AP_N-BirdLab to CMA-AP_N-Library,422,1.348673697667
OAK-AP_N-Portal to MNH-AP_N-EarthTheater,419,1.3390859699585
CMA-AP_N-Heinz-Front to CMA-AP_N-Heinz-BC,302,0.96516458932566
CMA-AP_N-CoatRoom to MNH-AP_N-BirdLab,291,0.93000958772771
CMA-AP_N-AOTA to OAK-AP_N-GrandStaircase,273,0.87248322147651
MNH-AP_N-BirdLab to CMA-AP_N-Heinz-Front,265,0.84691594758709
MNH-AP_N-DinoHall to MNH-AP_N-EarthTheater,256,0.81815276446149
OAK-AP_N-Portal to CMA-AP_N-CoatRoom,247,0.78938958133589
CMA-AP_N-ScaifeD17 to OAK-AP_N-GreenRight,246,0.78619367209971
CMA-AP_N-Library to CMA-AP_N-AOTA,241,0.77021412591882
MNH-AP_N-B_L-Hall to OAK-AP_N-CarriageDrive,236,0.75423457973794
MNH-AP_N-Gems to MNH-AP_N-B_L-Hall,212,0.67753275806967
OAK-AP_N-MH-TicketOffice to OAK-AP_N-GreenLeft,211,0.67433684883349
OAK-AP_N-MH-TicketOffice to OAK-AP_N-GreenRight,176,0.56248002556727
CMA-AP_N-Library to CMA-AP_N-CMATheater,176,0.56248002556727
MNH-AP_N-B_L-Hall to CMA-AP_N-BalconyGallery,176,0.56248002556727
MNH-AP_N-BirdLab to OAK-AP_N-ParhurstMeetingRoom,174,0.55608820709492
OAK-AP_N-CME to MNH-AP_N-Gems,171,0.54650047938639
CMA-AP_N-HACOffice to CMA-AP_N-Heinz-BC,157,0.5017577500799
MNH-AP_N-BirdLab to OAK-AP_N-CME,157,0.5017577500799
CMA-AP_N-ScaifeD14 to OAK-AP_N-ParhurstMeetingRoom,153,0.48897411313519
OAK-AP_N-Portal to CMA-AP_N-Heinz-Front,151,0.48258229466283
MNH-AP_N-EarthTheater to 4615-AP_N-Finance,151,0.48258229466283
CMA-AP_N-BalconyGallery to CMA-AP_N-HACOffice,148,0.4729945669543
OAK-AP_N-GreenLeft to OAK-AP_N-GreenRight,147,0.46979865771812
CMA-AP_N-ScaifeD8 to OAK-AP_N-ParhurstMeetingRoom,137,0.43783956535634
CMA-AP_N-Library to OAK-AP_N-Portal,128,0.40907638223074
OAK-AP_N-ParhurstMeetingRoom to CMA-AP_N-AOTA,123,0.39309683604986
MNH-AP_N-DinoHall to OAK-AP_N-CME,123,0.39309683604986
CMA-AP_N-CMATheater to MNH-AP_N-BirdLab,122,0.38990092681368
CMA-AP_N-CoatRoom to CMA-AP_N-Library,116,0.37072547139661
OAK-AP_N-SimmonsCeiling to MNH-AP_N-DinoHall,115,0.36752956216043
OAK-AP_N-SimmonsCeiling to 4615-AP_N-Finance,114,0.36433365292426
MNH-AP_N-EarthTheater to OAK-AP_N-SimmonsCeiling,111,0.35474592521572
OAK-AP_N-GreenRight to MNH-AP_N-PolarWorld,110,0.35155001597955
CMA-AP_N-HACOffice to OAK-AP_N-GrandStaircase,107,0.34196228827101
OAK-AP_N-GrandStaircase to CMA-AP_N-ScaifeD17,99,0.31639501438159
MNH-AP_N-PolarWorld to CMA-AP_N-ScaifeD17,98,0.31319910514541
CMA-AP_N-ScaifeD17 to CMA-AP_N-AOTA,91,0.29082774049217
OAK-AP_N-CarriageDrive to CMA-AP_N-BruceFront,90,0.28763183125599
MNH-AP_N-PolarWorld to MNH-AP_N-AmericanIndian,87,0.27804410354746
MNH-AP_N-BirdLab to MNH-AP_N-EarthTheater,87,0.27804410354746
OAK-AP_N-CarriageDrive to OAK-AP_N-GreenRight,82,0.26206455736657
CMA-AP_N-ScaifeD11 to CMA-AP_N-AOTA,79,0.25247682965804
CMA-AP_N-ScaifeD17 to CMA-AP_N-HACOffice,79,0.25247682965804
CMA-AP_N-ScaifeD17 to CMA-AP_N-CoatRoom,74,0.23649728347715
OAK-AP_N-GrandStaircase to MNH-AP_N-PolarWorld,73,0.23330137424097
OAK-AP_N-Portal to CMA-AP_N-CMATheater,68,0.21732182806008
MNH-AP_N-BirdLab to CMA-AP_N-Heinz-BC,68,0.21732182806008
OAK-AP_N-ParhurstMeetingRoom to CMA-AP_N-ScaifeD17,66,0.21093000958773
OAK-AP_N-Portal to MNH-AP_N-B_L-Hall,66,0.21093000958773
CMA-AP_N-ScaifeD17 to OAK-AP_N-GreenLeft,56,0.17897091722595
CMA-AP_N-Library to CMA-AP_N-HeinzD16,56,0.17897091722595
CMA-AP_N-Library to OAK-AP_N-ParhurstMeetingRoom,55,0.17577500798977
OAK-AP_N-CME to CMA-AP_N-CoatRoom,55,0.17577500798977
CMA-AP_N-CMATheater to CMA-AP_N-ScaifeD2,55,0.17577500798977
CMA-AP_N-CMATheater to CMA-AP_N-Heinz-Front,54,0.1725790987536
OAK-AP_N-GrandStaircase to OAK-AP_N-ParhurstMeetingRoom,52,0.16618728028124
Oak-AP_N-MH_BackStage to OAK-AP_N-MH-TicketOffice,51,0.16299137104506
CMA-AP_N-ScaifeD17 to OAK-AP_N-MH-TicketOffice,50,0.15979546180888
OAK-AP_N-Portal to OAK-AP_N-ParhurstMeetingRoom,49,0.15659955257271
CMA-AP_N-Library to CMA-AP_N-ScaifeD2,48,0.15340364333653
CMA-AP_N-ScaifeD5 to CMA-AP_N-Heinz-Front,43,0.13742409715564
CMA-AP_N-HACOffice to CMA-AP_N-BruceFront,43,0.13742409715564
OAK-AP_N-MH_Control to Oak-AP_N-MH_BackStage,43,0.13742409715564
CMA-AP_N-HeinzD16 to MNH-AP_N-BirdLab,40,0.12783636944711
OAK-AP_N-GrandStaircase to CMA-AP_N-ScaifeD11,40,0.12783636944711
OAK-AP_N-FossilFuels to OAK-AP_N-Portal,40,0.12783636944711
OAK-AP_N-GrandStaircase to CMA-AP_N-Library,39,0.12464046021093
MNH-AP_N-IZ to MNH-AP_N-EarthTheater,39,0.12464046021093
MNH-AP_N-B_L-Hall to MNH-AP_N-Wertz,39,0.12464046021093
4615-AP_N-Finance to MNH-AP_N-DinoHall,39,0.12464046021093
OAK-AP_N-ParhurstMeetingRoom to CMA-AP_N-ScaifeD2,38,0.12144455097475
CMA-AP_N-Heinz-BC to OAK-AP_N-Portal,38,0.12144455097475
MNH-AP_N-DinoHall to MNH-AP_N-Gems,37,0.11824864173857
OAK-AP_N-FossilFuels to MNH-AP_N-DinoHall,37,0.11824864173857
OAK-AP_N-CME to CMA-AP_N-Library,37,0.11824864173857
CMA-AP_N-Heinz-BC to MNH-AP_N-VP,36,0.1150527325024
OAK-AP_N-GrandStaircase to OAK-AP_N-CME,36,0.1150527325024
MNH-AP_N-PolarWorld to CMA-AP_N-BruceMiddle,35,0.11185682326622
4615-AP_N-Finance to OAK-AP_N-FossilFuels,34,0.10866091403004
CMA-AP_N-Library to MNH-AP_N-EarthTheater,33,0.10546500479386
CMA-AP_N-AOTA to CMA-AP_N-ScaifeD14,33,0.10546500479386
OAK-AP_N-CME to MNH-AP_N-Wertz,32,0.10226909555769
CMA-AP_N-ScaifeD2 to MNH-AP_N-BirdLab,30,0.095877277085331
MNH-AP_N-B_L-Hall to CMA-AP_N-Heinz-BC,30,0.095877277085331
CMA-AP_N-Library to CMA-AP_N-ScaifeD17,29,0.092681367849153
MNH-AP_N-PolarWorld to OAK-AP_N-GreenLeft,29,0.092681367849153
CMA-AP_N-ScaifeD11 to CMA-AP_N-CoatRoom,28,0.089485458612975
CMA-AP_N-CoatRoom to OAK-AP_N-ParhurstMeetingRoom,28,0.089485458612975
MNH-AP_N-EarthTheater to OAK-AP_N-GrandStaircase,28,0.089485458612975
MNH-AP_N-BirdLab to MNH-AP_N-VP,28,0.089485458612975
CMA-AP_N-Heinz-Front to CMA-AP_N-ScaifeD11,28,0.089485458612975
MNH-AP_N-BirdLab to CMA-AP_N-AOTA,27,0.086289549376798
OAK-AP_N-CarriageDrive to CMA-AP_N-CoatRoom,27,0.086289549376798
OAK-AP_N-CME to CMA-AP_N-Heinz-Front,27,0.086289549376798
CMA-AP_N-BruceMiddle to OAK-AP_N-GreenRight,27,0.086289549376798
MNH-AP_N-IZ to OAK-AP_N-SimmonsCeiling,26,0.08309364014062
OAK-AP_N-CarriageDrive to MNH-AP_N-AmericanIndian,26,0.08309364014062
MNH-AP_N-PolarWorld to CMA-AP_N-BruceFront,26,0.08309364014062
OAK-AP_N-CarriageDrive to CMA-AP_N-ScaifeD17,25,0.079897730904442
CMA-AP_N-ScaifeD1 to CMA-AP_N-Library,24,0.076701821668265
CMA-AP_N-Heinz-Front to CMA-AP_N-ScaifeD2,24,0.076701821668265
OAK-AP_N-SimmonsCeiling to MNH-AP_N-VP,24,0.076701821668265
OAK-AP_N-GreenRight to OAK-AP_N-ParhurstMeetingRoom,24,0.076701821668265
OAK-AP_N-Portal to OAK-AP_N-GrandStaircase,24,0.076701821668265
MNH-AP_N-EarthTheater to MNH-AP_N-B_L-Hall,23,0.073505912432087
Oak-AP_N-MH_BackStage to OAK-AP_N-GreenLeft,23,0.073505912432087
CMA-AP_N-CMATheater to OAK-AP_N-ParhurstMeetingRoom,23,0.073505912432087
CMA-AP_N-ScaifeD14 to MNH-AP_N-BirdLab,22,0.070310003195909
MNH-AP_N-BirdLab to OAK-AP_N-FossilFuels,22,0.070310003195909
CMA-AP_N-ScaifeD17 to MNH-AP_N-BirdLab,21,0.067114093959732
OAK-AP_N-ParhurstMeetingRoom to CMA-AP_N-ScaifeD11,21,0.067114093959732
OAK-AP_N-CarriageDrive to CMA-AP_N-AOTA,21,0.067114093959732
OAK-AP_N-MH-TicketOffice to MNH-AP_N-PolarWorld,21,0.067114093959732
CMA-AP_N-HeinzD16 to CMA-AP_N-ScaifeD2,20,0.063918184723554
CMA-AP_N-ScaifeD8 to CMA-AP_N-ScaifeD1,20,0.063918184723554
OAK-AP_N-MH_Control to OAK-AP_N-GreenRight,19,0.060722275487376
MNH-AP_N-Wertz to OAK-AP_N-CarriageDrive,19,0.060722275487376
MNH-AP_N-PolarWorld to CMA-AP_N-HACOffice,19,0.060722275487376
OAK-AP_N-CarriageDrive to OAK-AP_N-GreenLeft,19,0.060722275487376
OAK-AP_N-GrandStaircase to CMA-AP_N-ScaifeD14,18,0.057526366251198
CMA-AP_N-ScaifeD14 to OAK-AP_N-GreenRight,18,0.057526366251198
MNH-AP_N-BirdLab to MNH-AP_N-IZ,18,0.057526366251198
CMA-AP_N-ScaifeD14 to CMA-AP_N-ScaifeD5,17,0.054330457015021
OAK-AP_N-GrandStaircase to MNH-AP_N-BirdLab,17,0.054330457015021
OAK-AP_N-Portal to CMA-AP_N-HeinzD16,17,0.054330457015021
CMA-AP_N-Heinz-Front to CMA-AP_N-HACOffice,17,0.054330457015021
OAK-AP_N-GrandStaircase to OAK-AP_N-GreenRight,17,0.054330457015021
OAK-AP_N-GrandStaircase to MNH-AP_N-VP,17,0.054330457015021
CMA-AP_N-HACOffice to CMA-AP_N-CoatRoom,17,0.054330457015021
MNH-AP_N-BirdLab to CMA-AP_N-HACOffice,16,0.051134547778843
MNH-AP_N-VP to OAK-AP_N-Portal,16,0.051134547778843
CMA-AP_N-Library to CMA-AP_N-ScaifeD11,16,0.051134547778843
MNH-AP_N-Wertz to OAK-AP_N-MH_Control,15,0.047938638542665
OAK-AP_N-SimmonsCeiling to OAK-AP_N-CME,15,0.047938638542665
OAK-AP_N-FossilFuels to MNH-AP_N-IZ,15,0.047938638542665
OAK-AP_N-CME to MNH-AP_N-VP,14,0.044742729306488
MNH-AP_N-BirdLab to OAK-AP_N-GreenRight,14,0.044742729306488
CMA-AP_N-ScaifeD2 to CMA-AP_N-ScaifeD11,14,0.044742729306488
CMA-AP_N-Heinz-BC to MNH-AP_N-EarthTheater,14,0.044742729306488
CMA-AP_N-BalconyGallery to CMA-AP_N-CoatRoom,14,0.044742729306488
MNH-AP_N-AmericanIndian to OAK-AP_N-GreenRight,14,0.044742729306488
OAK-AP_N-CME to CMA-AP_N-Heinz-BC,13,0.04154682007031
OAK-AP_N-ParhurstMeetingRoom to OAK-AP_N-CME,13,0.04154682007031
OAK-AP_N-Portal to CMA-AP_N-AOTA,13,0.04154682007031
CMA-AP_N-Library to OAK-AP_N-FossilFuels,13,0.04154682007031
OAK-AP_N-FossilFuels to OAK-AP_N-MH-TicketOffice,13,0.04154682007031
MNH-AP_N-B_L-Hall to MNH-AP_N-BirdLab,13,0.04154682007031
OAK-AP_N-GrandStaircase to MNH-AP_N-DinoHall,13,0.04154682007031
MNH-AP_N-PolarWorld to OAK-AP_N-CarriageDrive,12,0.038350910834132
CMA-AP_N-CoatRoom to MNH-AP_N-B_L-Hall,12,0.038350910834132
MNH-AP_N-DinoHall to MNH-AP_N-Wertz,12,0.038350910834132
OAK-AP_N-CarriageDrive to CMA-AP_N-HACOffice,12,0.038350910834132
MNH-AP_N-EarthTheater to OAK-AP_N-ParhurstMeetingRoom,12,0.038350910834132
MNH-AP_N-DinoHall to MNH-AP_N-B_L-Hall,12,0.038350910834132
MNH-AP_N-Gems to MNH-AP_N-VP,12,0.038350910834132
CMA-AP_N-CoatRoom to CMA-AP_N-HeinzD16,12,0.038350910834132
CMA-AP_N-BalconyGallery to MNH-AP_N-Gems,12,0.038350910834132
OAK-AP_N-GrandStaircase to CMA-AP_N-BruceMiddle,11,0.035155001597955
OAK-AP_N-GreenRight to CMA-AP_N-BruceFront,11,0.035155001597955
OAK-AP_N-GreenLeft to MNH-AP_N-AmericanIndian,11,0.035155001597955
OAK-AP_N-MH_Control to OAK-AP_N-GreenLeft,11,0.035155001597955
CMA-AP_N-CoatRoom to CMA-AP_N-Heinz-BC,11,0.035155001597955
CMA-AP_N-ScaifeD2 to CMA-AP_N-ScaifeD14,11,0.035155001597955
OAK-AP_N-CME to CMA-AP_N-HeinzD16,10,0.031959092361777
OAK-AP_N-CME to CMA-AP_N-BalconyGallery,10,0.031959092361777
CMA-AP_N-BruceMiddle to OAK-AP_N-MH-TicketOffice,10,0.031959092361777
OAK-AP_N-GrandStaircase to OAK-AP_N-FossilFuels,10,0.031959092361777
OAK-AP_N-CarriageDrive to OAK-AP_N-CME,10,0.031959092361777
CMA-AP_N-ScaifeD17 to OAK-AP_N-Portal,10,0.031959092361777
OAK-AP_N-ParhurstMeetingRoom to OAK-AP_N-FossilFuels,10,0.031959092361777
OAK-AP_N-GrandStaircase to MNH-AP_N-Gems,10,0.031959092361777
CMA-AP_N-HACOffice to MNH-AP_N-DinoHall,10,0.031959092361777
MNH-AP_N-PolarWorld to OAK-AP_N-ParhurstMeetingRoom,10,0.031959092361777
CMA-AP_N-CMATheater to CMA-AP_N-CoatRoom,10,0.031959092361777
CMA-AP_N-BruceFront to CMA-AP_N-CoatRoom,10,0.031959092361777
MNH-AP_N-EarthTheater to CMA-AP_N-Heinz-Front,10,0.031959092361777
OAK-AP_N-CME to Oak-AP_N-MH_BackStage,10,0.031959092361777
OAK-AP_N-MH_Control to CMA-AP_N-BalconyGallery,9,0.028763183125599
CMA-AP_N-Heinz-Front to CMA-AP_N-ScaifeD14,9,0.028763183125599
CMA-AP_N-ScaifeD17 to CMA-AP_N-ScaifeD5,9,0.028763183125599
CMA-AP_N-ScaifeD11 to CMA-AP_N-ScaifeD1,9,0.028763183125599
CMA-AP_N-Library to CMA-AP_N-ScaifeD14,9,0.028763183125599
OAK-AP_N-SimmonsCeiling to MNH-AP_N-Gems,9,0.028763183125599
OAK-AP_N-MH-TicketOffice to CMA-AP_N-ScaifeD14,8,0.025567273889422
OAK-AP_N-GreenRight to Oak-AP_N-MH_BackStage,8,0.025567273889422
OAK-AP_N-GrandStaircase to OAK-AP_N-SimmonsCeiling,8,0.025567273889422
OAK-AP_N-CME to CMA-AP_N-ScaifeD17,8,0.025567273889422
OAK-AP_N-CarriageDrive to CMA-AP_N-BruceBack,8,0.025567273889422
MNH-AP_N-AmericanIndian to CMA-AP_N-BalconyGallery,8,0.025567273889422
CMA-AP_N-ScaifeD1 to CMA-AP_N-HeinzD16,8,0.025567273889422
CMA-AP_N-CoatRoom to MNH-AP_N-EarthTheater,8,0.025567273889422
OAK-AP_N-Portal to MNH-AP_N-DinoHall,8,0.025567273889422
MNH-AP_N-Wertz to MNH-AP_N-EarthTheater,8,0.025567273889422
OAK-AP_N-FossilFuels to MNH-AP_N-Wertz,8,0.025567273889422
OAK-AP_N-FossilFuels to OAK-AP_N-SimmonsCeiling,8,0.025567273889422
CMA-AP_N-BruceBack to OAK-AP_N-GreenRight,8,0.025567273889422
OAK-AP_N-CarriageDrive to CMA-AP_N-Heinz-Front,7,0.022371364653244
MNH-AP_N-EarthTheater to MNH-AP_N-PolarWorld,7,0.022371364653244
OAK-AP_N-ParhurstMeetingRoom to MNH-AP_N-B_L-Hall,7,0.022371364653244
CMA-AP_N-AOTA to MNH-AP_N-EarthTheater,7,0.022371364653244
CMA-AP_N-ScaifeD17 to CMA-AP_N-ScaifeD8,7,0.022371364653244
OAK-AP_N-MH-TicketOffice to CMA-AP_N-BruceBack,7,0.022371364653244
4615-AP_N-Finance to MNH-AP_N-BirdLab,7,0.022371364653244
OAK-AP_N-Portal to CMA-AP_N-BalconyGallery,7,0.022371364653244
OAK-AP_N-CarriageDrive to CMA-AP_N-BruceMiddle,7,0.022371364653244
OAK-AP_N-GreenRight to CMA-AP_N-Library,7,0.022371364653244
OAK-AP_N-CarriageDrive to MNH-AP_N-BirdLab,7,0.022371364653244
Oak-AP_N-MH_BackStage to MNH-AP_N-EarthTheater,7,0.022371364653244
4615-AP_N-Finance to OAK-AP_N-CME,7,0.022371364653244
MNH-AP_N-EarthTheater to CMA-AP_N-CMATheater,7,0.022371364653244
MNH-AP_N-BirdLab to OAK-AP_N-MH-TicketOffice,7,0.022371364653244
MNH-AP_N-B_L-Hall to CMA-AP_N-Library,7,0.022371364653244
CMA-AP_N-ScaifeD17 to MNH-AP_N-EarthTheater,6,0.019175455417066
OAK-AP_N-GreenRight to CMA-AP_N-AOTA,6,0.019175455417066
MNH-AP_N-VP to OAK-AP_N-FossilFuels,6,0.019175455417066
Oak-AP_N-MH_BackStage to CMA-AP_N-ScaifeD17,6,0.019175455417066
CMA-AP_N-BalconyGallery to MNH-AP_N-PolarWorld,6,0.019175455417066
CMA-AP_N-CoatRoom to CMA-AP_N-ScaifeD1,6,0.019175455417066
OAK-AP_N-GrandStaircase to OAK-AP_N-MH-TicketOffice,6,0.019175455417066
CMA-AP_N-BruceMiddle to OAK-AP_N-GreenLeft,6,0.019175455417066
MNH-AP_N-Wertz to Oak-AP_N-MH_BackStage,6,0.019175455417066
OAK-AP_N-MH-TicketOffice to OAK-AP_N-Portal,6,0.019175455417066
OAK-AP_N-MH_Control to OAK-AP_N-GrandStaircase,6,0.019175455417066
MNH-AP_N-EarthTheater to CMA-AP_N-HeinzD16,6,0.019175455417066
CMA-AP_N-ScaifeD17 to CMA-AP_N-CMATheater,6,0.019175455417066
OAK-AP_N-GreenRight to CMA-AP_N-ScaifeD11,6,0.019175455417066
MNH-AP_N-Gems to OAK-AP_N-CarriageDrive,6,0.019175455417066
OAK-AP_N-FossilFuels to CMA-AP_N-ScaifeD17,6,0.019175455417066
CMA-AP_N-HeinzD16 to CMA-AP_N-AOTA,6,0.019175455417066
MNH-AP_N-Gems to MNH-AP_N-EarthTheater,6,0.019175455417066
OAK-AP_N-CME to OAK-AP_N-MH-TicketOffice,5,0.015979546180888
CMA-AP_N-Heinz-BC to OAK-AP_N-SimmonsCeiling,5,0.015979546180888
OAK-AP_N-GrandStaircase to CMA-AP_N-CMATheater,5,0.015979546180888
OAK-AP_N-FossilFuels to CMA-AP_N-AOTA,5,0.015979546180888
MNH-AP_N-BirdLab to OAK-AP_N-GreenLeft,5,0.015979546180888
CMA-AP_N-AOTA to CMA-AP_N-ScaifeD5,5,0.015979546180888
CMA-AP_N-Heinz-BC to CMA-AP_N-ScaifeD1,5,0.015979546180888
MNH-AP_N-AmericanIndian to OAK-AP_N-MH-TicketOffice,5,0.015979546180888
MNH-AP_N-AmericanIndian to OAK-AP_N-MH_Control,5,0.015979546180888
CMA-AP_N-Heinz-Front to CMA-AP_N-BalconyGallery,5,0.015979546180888
Oak-AP_N-MH_BackStage to OAK-AP_N-Portal,5,0.015979546180888
CMA-AP_N-AOTA to CMA-AP_N-BalconyGallery,5,0.015979546180888
CMA-AP_N-BalconyGallery to CMA-AP_N-ScaifeD17,5,0.015979546180888
MNH-AP_N-EarthTheater to OAK-AP_N-CarriageDrive,5,0.015979546180888
CMA-AP_N-ScaifeD2 to CMA-AP_N-ScaifeD17,5,0.015979546180888
OAK-AP_N-MH-TicketOffice to CMA-AP_N-AOTA,5,0.015979546180888
CMA-AP_N-BruceFront to MNH-AP_N-BirdLab,5,0.015979546180888
MNH-AP_N-Gems to OAK-AP_N-Portal,5,0.015979546180888
CMA-AP_N-CoatRoom to OAK-AP_N-MH_Control,5,0.015979546180888
CMA-AP_N-BalconyGallery to CMA-AP_N-BruceBack,5,0.015979546180888
CMA-AP_N-BalconyGallery to MNH-AP_N-DinoHall,5,0.015979546180888
OAK-AP_N-GreenLeft to CMA-AP_N-ScaifeD14,5,0.015979546180888
CMA-AP_N-ScaifeD8 to CMA-AP_N-Heinz-Front,5,0.015979546180888
CMA-AP_N-AOTA to MNH-AP_N-VP,5,0.015979546180888
OAK-AP_N-CME to OAK-AP_N-GreenRight,5,0.015979546180888
CMA-AP_N-HeinzD16 to CMA-AP_N-CMATheater,5,0.015979546180888
OAK-AP_N-CME to CMA-AP_N-CMATheater,5,0.015979546180888
CMA-AP_N-AOTA to CMA-AP_N-ScaifeD2,5,0.015979546180888
CMA-AP_N-CMATheater to CMA-AP_N-ScaifeD11,4,0.012783636944711
MNH-AP_N-B_L-Hall to CMA-AP_N-HACOffice,4,0.012783636944711
CMA-AP_N-Library to CMA-AP_N-ScaifeD5,4,0.012783636944711
CMA-AP_N-CoatRoom to OAK-AP_N-FossilFuels,4,0.012783636944711
OAK-AP_N-GreenRight to MNH-AP_N-EarthTheater,4,0.012783636944711
MNH-AP_N-AmericanIndian to CMA-AP_N-BruceFront,4,0.012783636944711
OAK-AP_N-FossilFuels to OAK-AP_N-GreenLeft,4,0.012783636944711
OAK-AP_N-GreenLeft to OAK-AP_N-ParhurstMeetingRoom,4,0.012783636944711
MNH-AP_N-BirdLab to MNH-AP_N-PolarWorld,4,0.012783636944711
OAK-AP_N-Portal to MNH-AP_N-Wertz,4,0.012783636944711
CMA-AP_N-Heinz-BC to CMA-AP_N-Library,4,0.012783636944711
CMA-AP_N-BruceFront to CMA-AP_N-ScaifeD11,4,0.012783636944711
MNH-AP_N-Gems to OAK-AP_N-FossilFuels,4,0.012783636944711
CMA-AP_N-ScaifeD14 to MNH-AP_N-EarthTheater,4,0.012783636944711
CMA-AP_N-CMATheater to CMA-AP_N-BalconyGallery,4,0.012783636944711
CMA-AP_N-AOTA to OAK-AP_N-CME,4,0.012783636944711
MNH-AP_N-B_L-Hall to OAK-AP_N-SimmonsCeiling,4,0.012783636944711
4615-AP_N-Finance to OAK-AP_N-GrandStaircase,4,0.012783636944711
CMA-AP_N-BruceBack to OAK-AP_N-GrandStaircase,4,0.012783636944711
OAK-AP_N-FossilFuels to Oak-AP_N-MH_BackStage,4,0.012783636944711
CMA-AP_N-CoatRoom to OAK-AP_N-MH-TicketOffice,4,0.012783636944711
MNH-AP_N-EarthTheater to CMA-AP_N-HACOffice,4,0.012783636944711
OAK-AP_N-FossilFuels to OAK-AP_N-GreenRight,4,0.012783636944711
MNH-AP_N-AmericanIndian to MNH-AP_N-EarthTheater,4,0.012783636944711
CMA-AP_N-AOTA to CMA-AP_N-ScaifeD1,4,0.012783636944711
MNH-AP_N-DinoHall to OAK-AP_N-MH-TicketOffice,4,0.012783636944711
CMA-AP_N-ScaifeD11 to OAK-AP_N-CME,4,0.012783636944711
OAK-AP_N-CarriageDrive to CMA-AP_N-Library,4,0.012783636944711
OAK-AP_N-MH_Control to MNH-AP_N-B_L-Hall,3,0.0095877277085331
CMA-AP_N-BruceFront to CMA-AP_N-AOTA,3,0.0095877277085331
OAK-AP_N-CarriageDrive to CMA-AP_N-CMATheater,3,0.0095877277085331
MNH-AP_N-AmericanIndian to CMA-AP_N-BruceMiddle,3,0.0095877277085331
CMA-AP_N-BalconyGallery to CMA-AP_N-HeinzD16,3,0.0095877277085331
CMA-AP_N-AOTA to MNH-AP_N-B_L-Hall,3,0.0095877277085331
MNH-AP_N-Wertz to MNH-AP_N-BirdLab,3,0.0095877277085331
MNH-AP_N-AmericanIndian to OAK-AP_N-GrandStaircase,3,0.0095877277085331
CMA-AP_N-ScaifeD14 to OAK-AP_N-Portal,3,0.0095877277085331
MNH-AP_N-IZ to CMA-AP_N-Library,3,0.0095877277085331
MNH-AP_N-Gems to CMA-AP_N-HACOffice,3,0.0095877277085331
CMA-AP_N-ScaifeD17 to CMA-AP_N-BruceBack,3,0.0095877277085331
CMA-AP_N-ScaifeD2 to OAK-AP_N-CME,3,0.0095877277085331
CMA-AP_N-HACOffice to OAK-AP_N-Portal,3,0.0095877277085331
CMA-AP_N-AOTA to MNH-AP_N-DinoHall,3,0.0095877277085331
CMA-AP_N-HeinzD16 to CMA-AP_N-HACOffice,3,0.0095877277085331
MNH-AP_N-PolarWorld to OAK-AP_N-SimmonsCeiling,3,0.0095877277085331
CMA-AP_N-Heinz-Front to MNH-AP_N-VP,3,0.0095877277085331
OAK-AP_N-CarriageDrive to MNH-AP_N-DinoHall,3,0.0095877277085331
MNH-AP_N-AmericanIndian to OAK-AP_N-SimmonsCeiling,3,0.0095877277085331
OAK-AP_N-GrandStaircase to CMA-AP_N-ScaifeD1,3,0.0095877277085331
CMA-AP_N-HACOffice to 4615-AP_N-Finance,3,0.0095877277085331
MNH-AP_N-PolarWorld to CMA-AP_N-CoatRoom,3,0.0095877277085331
4615-AP_N-Finance to MNH-AP_N-PolarWorld,3,0.0095877277085331
MNH-AP_N-IZ to OAK-AP_N-CME,3,0.0095877277085331
MNH-AP_N-BirdLab to MNH-AP_N-AmericanIndian,3,0.0095877277085331
MNH-AP_N-B_L-Hall to CMA-AP_N-Heinz-Front,3,0.0095877277085331
CMA-AP_N-Library to OAK-AP_N-MH-TicketOffice,3,0.0095877277085331
CMA-AP_N-HACOffice to OAK-AP_N-CME,3,0.0095877277085331
CMA-AP_N-BalconyGallery to OAK-AP_N-GreenRight,3,0.0095877277085331
MNH-AP_N-AmericanIndian to MNH-AP_N-Gems,3,0.0095877277085331
CMA-AP_N-ScaifeD14 to MNH-AP_N-PolarWorld,3,0.0095877277085331
CMA-AP_N-ScaifeD8 to MNH-AP_N-BirdLab,3,0.0095877277085331
CMA-AP_N-ScaifeD17 to MNH-AP_N-DinoHall,3,0.0095877277085331
MNH-AP_N-PolarWorld to Oak-AP_N-MH_BackStage,3,0.0095877277085331
CMA-AP_N-ScaifeD8 to OAK-AP_N-Portal,3,0.0095877277085331
CMA-AP_N-BruceMiddle to Oak-AP_N-MH_BackStage,3,0.0095877277085331
OAK-AP_N-Portal to CMA-AP_N-ScaifeD2,3,0.0095877277085331
OAK-AP_N-MH-TicketOffice to MNH-AP_N-B_L-Hall,3,0.0095877277085331
CMA-AP_N-Heinz-BC to CMA-AP_N-BruceFront,3,0.0095877277085331
OAK-AP_N-MH-TicketOffice to CMA-AP_N-BruceFront,3,0.0095877277085331
OAK-AP_N-ParhurstMeetingRoom to Oak-AP_N-MH_BackStage,3,0.0095877277085331
MNH-AP_N-IZ to MNH-AP_N-DinoHall,2,0.0063918184723554
OAK-AP_N-GrandStaircase to CMA-AP_N-HeinzD16,2,0.0063918184723554
OAK-AP_N-GrandStaircase to CMA-AP_N-ScaifeD5,2,0.0063918184723554
OAK-AP_N-Portal to OAK-AP_N-CarriageDrive,2,0.0063918184723554
CMA-AP_N-BruceFront to OAK-AP_N-SimmonsCeiling,2,0.0063918184723554
CMA-AP_N-ScaifeD11 to OAK-AP_N-CarriageDrive,2,0.0063918184723554
CMA-AP_N-BalconyGallery to CMA-AP_N-ScaifeD11,2,0.0063918184723554
CMA-AP_N-HeinzD16 to OAK-AP_N-FossilFuels,2,0.0063918184723554
CMA-AP_N-Heinz-BC to OAK-AP_N-CarriageDrive,2,0.0063918184723554
CMA-AP_N-ScaifeD17 to MNH-AP_N-B_L-Hall,2,0.0063918184723554
CMA-AP_N-CoatRoom to CMA-AP_N-ScaifeD8,2,0.0063918184723554
OAK-AP_N-MH-TicketOffice to CMA-AP_N-BalconyGallery,2,0.0063918184723554
CMA-AP_N-Library to CMA-AP_N-HACOffice,2,0.0063918184723554
Oak-AP_N-MH_BackStage to CMA-AP_N-CoatRoom,2,0.0063918184723554
Oak-AP_N-MH_BackStage to CMA-AP_N-Library,2,0.0063918184723554
CMA-AP_N-HACOffice to CMA-AP_N-BruceBack,2,0.0063918184723554
CMA-AP_N-BalconyGallery to MNH-AP_N-EarthTheater,2,0.0063918184723554
OAK-AP_N-SimmonsCeiling to CMA-AP_N-BalconyGallery,2,0.0063918184723554
OAK-AP_N-CME to MNH-AP_N-PolarWorld,2,0.0063918184723554
MNH-AP_N-Wertz to OAK-AP_N-GrandStaircase,2,0.0063918184723554
CMA-AP_N-ScaifeD11 to OAK-AP_N-Portal,2,0.0063918184723554
CMA-AP_N-BruceFront to CMA-AP_N-ScaifeD14,2,0.0063918184723554
CMA-AP_N-Heinz-BC to CMA-AP_N-ScaifeD2,2,0.0063918184723554
CMA-AP_N-AOTA to CMA-AP_N-Heinz-BC,2,0.0063918184723554
OAK-AP_N-GreenLeft to OAK-AP_N-CME,2,0.0063918184723554
OAK-AP_N-CME to CMA-AP_N-BruceFront,2,0.0063918184723554
CMA-AP_N-Library to CMA-AP_N-ScaifeD8,2,0.0063918184723554
MNH-AP_N-B_L-Hall to MNH-AP_N-VP,2,0.0063918184723554
OAK-AP_N-CarriageDrive to OAK-AP_N-ParhurstMeetingRoom,2,0.0063918184723554
MNH-AP_N-DinoHall to MNH-AP_N-PolarWorld,2,0.0063918184723554
CMA-AP_N-BruceMiddle to MNH-AP_N-BirdLab,2,0.0063918184723554
CMA-AP_N-CoatRoom to CMA-AP_N-ScaifeD2,2,0.0063918184723554
OAK-AP_N-CME to CMA-AP_N-BruceMiddle,2,0.0063918184723554
CMA-AP_N-ScaifeD5 to CMA-AP_N-HACOffice,2,0.0063918184723554
OAK-AP_N-GreenRight to CMA-AP_N-Heinz-Front,2,0.0063918184723554
CMA-AP_N-Library to MNH-AP_N-VP,2,0.0063918184723554
OAK-AP_N-Portal to OAK-AP_N-GreenRight,2,0.0063918184723554
CMA-AP_N-BruceFront to OAK-AP_N-ParhurstMeetingRoom,2,0.0063918184723554
CMA-AP_N-HACOffice to OAK-AP_N-ParhurstMeetingRoom,2,0.0063918184723554
CMA-AP_N-BruceMiddle to CMA-AP_N-ScaifeD14,2,0.0063918184723554
MNH-AP_N-PolarWorld to OAK-AP_N-Portal,2,0.0063918184723554
MNH-AP_N-IZ to CMA-AP_N-CoatRoom,2,0.0063918184723554
MNH-AP_N-IZ to OAK-AP_N-ParhurstMeetingRoom,2,0.0063918184723554
MNH-AP_N-VP to CMA-AP_N-CoatRoom,2,0.0063918184723554
OAK-AP_N-GreenRight to CMA-AP_N-CMATheater,2,0.0063918184723554
OAK-AP_N-Portal to 4615-AP_N-Finance,2,0.0063918184723554
MNH-AP_N-BirdLab to CMA-AP_N-BalconyGallery,2,0.0063918184723554
MNH-AP_N-VP to 4615-AP_N-Finance,2,0.0063918184723554
CMA-AP_N-AOTA to CMA-AP_N-HACOffice,2,0.0063918184723554
OAK-AP_N-Portal to CMA-AP_N-ScaifeD1,2,0.0063918184723554
MNH-AP_N-BirdLab to CMA-AP_N-ScaifeD11,2,0.0063918184723554
OAK-AP_N-GreenRight to MNH-AP_N-DinoHall,2,0.0063918184723554
CMA-AP_N-ScaifeD14 to CMA-AP_N-Heinz-BC,1,0.0031959092361777
CMA-AP_N-ScaifeD11 to MNH-AP_N-B_L-Hall,1,0.0031959092361777
CMA-AP_N-BalconyGallery to CMA-AP_N-Library,1,0.0031959092361777
OAK-AP_N-ParhurstMeetingRoom to CMA-AP_N-Heinz-BC,1,0.0031959092361777
MNH-AP_N-PolarWorld to MNH-AP_N-B_L-Hall,1,0.0031959092361777
CMA-AP_N-HACOffice to OAK-AP_N-GreenRight,1,0.0031959092361777
OAK-AP_N-CME to CMA-AP_N-ScaifeD14,1,0.0031959092361777
CMA-AP_N-ScaifeD11 to CMA-AP_N-BruceMiddle,1,0.0031959092361777
MNH-AP_N-BirdLab to Oak-AP_N-MH_BackStage,1,0.0031959092361777
CMA-AP_N-HACOffice to CMA-AP_N-ScaifeD2,1,0.0031959092361777
OAK-AP_N-SimmonsCeiling to MNH-AP_N-Wertz,1,0.0031959092361777
CMA-AP_N-HACOffice to OAK-AP_N-SimmonsCeiling,1,0.0031959092361777
OAK-AP_N-ParhurstMeetingRoom to MNH-AP_N-Gems,1,0.0031959092361777
OAK-AP_N-FossilFuels to OAK-AP_N-MH_Control,1,0.0031959092361777
MNH-AP_N-Gems to MNH-AP_N-PolarWorld,1,0.0031959092361777
OAK-AP_N-CarriageDrive to OAK-AP_N-FossilFuels,1,0.0031959092361777
CMA-AP_N-ScaifeD14 to MNH-AP_N-Wertz,1,0.0031959092361777
OAK-AP_N-MH_Control to CMA-AP_N-AOTA,1,0.0031959092361777
CMA-AP_N-ScaifeD1 to OAK-AP_N-FossilFuels,1,0.0031959092361777
CMA-AP_N-BruceFront to MNH-AP_N-Gems,1,0.0031959092361777
CMA-AP_N-ScaifeD17 to OAK-AP_N-MH_Control,1,0.0031959092361777
OAK-AP_N-ParhurstMeetingRoom to CMA-AP_N-BalconyGallery,1,0.0031959092361777
CMA-AP_N-CMATheater to CMA-AP_N-HACOffice,1,0.0031959092361777
CMA-AP_N-HACOffice to MNH-AP_N-Wertz,1,0.0031959092361777
OAK-AP_N-Portal to OAK-AP_N-MH_Control,1,0.0031959092361777
CMA-AP_N-ScaifeD14 to OAK-AP_N-MH_Control,1,0.0031959092361777
CMA-AP_N-ScaifeD17 to CMA-AP_N-HeinzD16,1,0.0031959092361777
CMA-AP_N-ScaifeD1 to CMA-AP_N-CMATheater,1,0.0031959092361777
OAK-AP_N-GreenLeft to CMA-AP_N-BalconyGallery,1,0.0031959092361777
CMA-AP_N-CoatRoom to OAK-AP_N-SimmonsCeiling,1,0.0031959092361777
OAK-AP_N-ParhurstMeetingRoom to OAK-AP_N-SimmonsCeiling,1,0.0031959092361777
MNH-AP_N-Gems to MNH-AP_N-BirdLab,1,0.0031959092361777
OAK-AP_N-MH_Control to CMA-AP_N-CMATheater,1,0.0031959092361777
OAK-AP_N-GrandStaircase to OAK-AP_N-GreenLeft,1,0.0031959092361777
OAK-AP_N-GreenLeft to CMA-AP_N-BruceBack,1,0.0031959092361777
CMA-AP_N-Heinz-Front to MNH-AP_N-DinoHall,1,0.0031959092361777
OAK-AP_N-SimmonsCeiling to CMA-AP_N-AOTA,1,0.0031959092361777
CMA-AP_N-Heinz-BC to 4615-AP_N-Finance,1,0.0031959092361777
CMA-AP_N-Heinz-BC to OAK-AP_N-GreenLeft,1,0.0031959092361777
CMA-AP_N-CMATheater to MNH-AP_N-B_L-Hall,1,0.0031959092361777
CMA-AP_N-CMATheater to CMA-AP_N-BruceFront,1,0.0031959092361777
MNH-AP_N-Wertz to OAK-AP_N-GreenRight,1,0.0031959092361777
CMA-AP_N-ScaifeD17 to MNH-AP_N-Gems,1,0.0031959092361777
MNH-AP_N-PolarWorld to CMA-AP_N-Library,1,0.0031959092361777
OAK-AP_N-ParhurstMeetingRoom to CMA-AP_N-HeinzD16,1,0.0031959092361777
CMA-AP_N-CoatRoom to MNH-AP_N-Gems,1,0.0031959092361777
CMA-AP_N-ScaifeD17 to MNH-AP_N-Wertz,1,0.0031959092361777
OAK-AP_N-FossilFuels to MNH-AP_N-PolarWorld,1,0.0031959092361777
OAK-AP_N-Portal to CMA-AP_N-BruceMiddle,1,0.0031959092361777
MNH-AP_N-EarthTheater to CMA-AP_N-ScaifeD5,1,0.0031959092361777
CMA-AP_N-ScaifeD11 to OAK-AP_N-MH-TicketOffice,1,0.0031959092361777
MNH-AP_N-VP to CMA-AP_N-BalconyGallery,1,0.0031959092361777
CMA-AP_N-CoatRoom to MNH-AP_N-Wertz,1,0.0031959092361777
OAK-AP_N-MH_Control to CMA-AP_N-BruceFront,1,0.0031959092361777
CMA-AP_N-ScaifeD5 to MNH-AP_N-BirdLab,1,0.0031959092361777
CMA-AP_N-ScaifeD1 to MNH-AP_N-BirdLab,1,0.0031959092361777
MNH-AP_N-AmericanIndian to CMA-AP_N-BruceBack,1,0.0031959092361777
CMA-AP_N-BruceFront to CMA-AP_N-Library,1,0.0031959092361777
MNH-AP_N-Wertz to CMA-AP_N-CMATheater,1,0.0031959092361777
CMA-AP_N-BruceBack to MNH-AP_N-PolarWorld,1,0.0031959092361777
MNH-AP_N-Wertz to OAK-AP_N-MH-TicketOffice,1,0.0031959092361777
MNH-AP_N-AmericanIndian to CMA-AP_N-ScaifeD17,1,0.0031959092361777
MNH-AP_N-EarthTheater to CMA-AP_N-ScaifeD11,1,0.0031959092361777
CMA-AP_N-CoatRoom to CMA-AP_N-ScaifeD5,1,0.0031959092361777
OAK-AP_N-CarriageDrive to Oak-AP_N-MH_BackStage,1,0.0031959092361777
CMA-AP_N-CoatRoom to CMA-AP_N-ScaifeD14,1,0.0031959092361777
CMA-AP_N-AOTA to CMA-AP_N-ScaifeD8,1,0.0031959092361777
MNH-AP_N-AmericanIndian to MNH-AP_N-B_L-Hall,1,0.0031959092361777
MNH-AP_N-PolarWorld to CMA-AP_N-HeinzD16,1,0.0031959092361777
OAK-AP_N-Portal to OAK-AP_N-GreenLeft,1,0.0031959092361777
CMA-AP_N-Library to OAK-AP_N-GreenLeft,1,0.0031959092361777
OAK-AP_N-ParhurstMeetingRoom to OAK-AP_N-MH-TicketOffice,1,0.0031959092361777
OAK-AP_N-GreenLeft to CMA-AP_N-ScaifeD11,1,0.0031959092361777
MNH-AP_N-VP to MNH-AP_N-PolarWorld,1,0.0031959092361777
CMA-AP_N-HACOffice to OAK-AP_N-FossilFuels,1,0.0031959092361777
CMA-AP_N-ScaifeD2 to CMA-AP_N-BruceFront,1,0.0031959092361777
MNH-AP_N-DinoHall to CMA-AP_N-CoatRoom,1,0.0031959092361777
OAK-AP_N-CME to CMA-AP_N-ScaifeD8,1,0.0031959092361777
MNH-AP_N-Wertz to MNH-AP_N-VP,1,0.0031959092361777
MNH-AP_N-B_L-Hall to CMA-AP_N-HeinzD16,1,0.0031959092361777
CMA-AP_N-CoatRoom to CMA-AP_N-BruceMiddle,1,0.0031959092361777
CMA-AP_N-ScaifeD14 to MNH-AP_N-AmericanIndian,1,0.0031959092361777
MNH-AP_N-Wertz to MNH-AP_N-IZ,1,0.0031959092361777
MNH-AP_N-EarthTheater to OAK-AP_N-MH-TicketOffice,1,0.0031959092361777
CMA-AP_N-ScaifeD5 to CMA-AP_N-HeinzD16,1,0.0031959092361777
4615-AP_N-Finance to MNH-AP_N-Gems,1,0.0031959092361777
MNH-AP_N-Wertz to CMA-AP_N-Library,1,0.0031959092361777
CMA-AP_N-BalconyGallery to MNH-AP_N-Wertz,1,0.0031959092361777
CMA-AP_N-BruceMiddle to MNH-AP_N-B_L-Hall,1,0.0031959092361777
OAK-AP_N-ParhurstMeetingRoom to MNH-AP_N-Wertz,1,0.0031959092361777
CMA-AP_N-ScaifeD5 to CMA-AP_N-BalconyGallery,1,0.0031959092361777
CMA-AP_N-AOTA to MNH-AP_N-Gems,1,0.0031959092361777
CMA-AP_N-BruceBack to MNH-AP_N-Wertz,1,0.0031959092361777
MNH-AP_N-IZ to OAK-AP_N-Portal,1,0.0031959092361777
CMA-AP_N-AOTA to MNH-AP_N-PolarWorld,1,0.0031959092361777
CMA-AP_N-Heinz-Front to OAK-AP_N-FossilFuels,1,0.0031959092361777
4615-AP_N-Finance to CMA-AP_N-BruceFront,1,0.0031959092361777
CMA-AP_N-Heinz-Front to OAK-AP_N-MH-TicketOffice,1,0.0031959092361777
OAK-AP_N-CarriageDrive to CMA-AP_N-ScaifeD14,1,0.0031959092361777
Oak-AP_N-MH_BackStage to OAK-AP_N-GrandStaircase,1,0.0031959092361777
CMA-AP_N-CoatRoom to OAK-AP_N-GreenRight,1,0.0031959092361777
MNH-AP_N-AmericanIndian to CMA-AP_N-CoatRoom,1,0.0031959092361777
CMA-AP_N-HACOffice to CMA-AP_N-BruceMiddle,1,0.0031959092361777
MNH-AP_N-Gems to CMA-AP_N-Heinz-Front,1,0.0031959092361777
CMA-AP_N-Heinz-Front to MNH-AP_N-Wertz,1,0.0031959092361777
CMA-AP_N-CMATheater to CMA-AP_N-ScaifeD5,1,0.0031959092361777
OAK-AP_N-CarriageDrive to CMA-AP_N-ScaifeD5,1,0.0031959092361777
OAK-AP_N-ParhurstMeetingRoom to MNH-AP_N-DinoHall,1,0.0031959092361777
Total,13255,42.361776925535
